First_name,Last_name,Email
Brandon,Newman,brandon.newman@directdebitsample.com
Dominic,Pullman,dominic.pullman@directdebitsample.com
Oliver,Murray,oliver.murray@directdebitsample.com
Rebecca,Tucker,rebecca.tucker@directdebitsample.com
Boris,Metcalfe,boris.metcalfe@directdebitsample.com
Blake,Marshall,blake.marshall@directdebitsample.com
Fiona,Paige,fiona.paige@directdebitsample.com
Oliver,Pullman,oliver.pullman@directdebitsample.com
Deirdre,Mathis,deirdre.mathis@directdebitsample.com
Sonia,Clarkson,sonia.clarkson@directdebitsample.com
Dylan,Fisher,dylan.fisher@directdebitsample.com
Julia,Welch,julia.welch@directdebitsample.com
Molly,Avery,molly.avery@directdebitsample.com
Liam,Blake,liam.blake@directdebitsample.com
Stewart,Greene,stewart.greene@directdebitsample.com
Matt,Hudson,matt.hudson@directdebitsample.com
Sue,Sanderson,sue.sanderson@directdebitsample.com
Nathan,Wright,nathan.wright@directdebitsample.com
Ryan,Hudson,ryan.hudson@directdebitsample.com
Keith,Short,keith.short@directdebitsample.com
Alison,Hemmings,alison.hemmings@directdebitsample.com
Oliver,Lawrence,oliver.lawrence@directdebitsample.com
Colin,Buckland,colin.buckland@directdebitsample.com
Samantha,King,samantha.king@directdebitsample.com
Donna,Mackay,donna.mackay@directdebitsample.com
Bella,Terry,bella.terry@directdebitsample.com
Julia,Buckland,julia.buckland@directdebitsample.com
Mary,Burgess,mary.burgess@directdebitsample.com
Phil,Lambert,phil.lambert@directdebitsample.com
Richard,Jones,richard.jones@directdebitsample.com
Anna,Watson,anna.watson@directdebitsample.com
Richard,Ferguson,richard.ferguson@directdebitsample.com
Fiona,Simpson,fiona.simpson@directdebitsample.com
Tracey,Lyman,tracey.lyman@directdebitsample.com
Mary,Mackay,mary.mackay@directdebitsample.com
Leonard,Peake,leonard.peake@directdebitsample.com
Angela,Clark,angela.clark@directdebitsample.com
Christopher,Greene,christopher.greene@directdebitsample.com
Dan,King,dan.king@directdebitsample.com
Ava,Bower,ava.bower@directdebitsample.com
Gabrielle,Mathis,gabrielle.mathis@directdebitsample.com
Jasmine,Russell,jasmine.russell@directdebitsample.com
Christian,Blake,christian.blake@directdebitsample.com
Victor,Ellison,victor.ellison@directdebitsample.com
Boris,McLean,boris.mclean@directdebitsample.com
Virginia,Newman,virginia.newman@directdebitsample.com
Paul,Hughes,paul.hughes@directdebitsample.com
Ruth,Smith,ruth.smith@directdebitsample.com
Elizabeth,Lee,elizabeth.lee@directdebitsample.com
Lucas,Paterson,lucas.paterson@directdebitsample.com
Dominic,Grant,dominic.grant@directdebitsample.com
Justin,Murray,justin.murray@directdebitsample.com
Lauren,Morrison,lauren.morrison@directdebitsample.com
Anthony,Mathis,anthony.mathis@directdebitsample.com
Lily,Gill,lily.gill@directdebitsample.com
Nicholas,Hill,nicholas.hill@directdebitsample.com
Gabrielle,Ball,gabrielle.ball@directdebitsample.com
Anthony,King,anthony.king@directdebitsample.com
Lucas,Blake,lucas.blake@directdebitsample.com
Samantha,Marshall,samantha.marshall@directdebitsample.com
Anne,McLean,anne.mclean@directdebitsample.com
Christian,Harris,christian.harris@directdebitsample.com
Cameron,Short,cameron.short@directdebitsample.com
Dylan,Wilson,dylan.wilson@directdebitsample.com
Luke,Rees,luke.rees@directdebitsample.com
Rose,Fisher,rose.fisher@directdebitsample.com
Blake,Grant,blake.grant@directdebitsample.com
Jake,Underwood,jake.underwood@directdebitsample.com
Yvonne,MacLeod,yvonne.macleod@directdebitsample.com
Amy,Vance,amy.vance@directdebitsample.com
Nicholas,Knox,nicholas.knox@directdebitsample.com
Sonia,Burgess,sonia.burgess@directdebitsample.com
Gordon,Parr,gordon.parr@directdebitsample.com
Lillian,Ogden,lillian.ogden@directdebitsample.com
David,Gill,david.gill@directdebitsample.com
Sally,Lawrence,sally.lawrence@directdebitsample.com
Isaac,Tucker,isaac.tucker@directdebitsample.com
Tim,Hunter,tim.hunter@directdebitsample.com
Steven,Reid,steven.reid@directdebitsample.com
Christian,Oliver,christian.oliver@directdebitsample.com
Lisa,Walker,lisa.walker@directdebitsample.com
Liam,Burgess,liam.burgess@directdebitsample.com
Pippa,Graham,pippa.graham@directdebitsample.com
John,Coleman,john.coleman@directdebitsample.com
Brandon,Welch,brandon.welch@directdebitsample.com
Chloe,Kerr,chloe.kerr@directdebitsample.com
Dorothy,Bond,dorothy.bond@directdebitsample.com
Andrea,Marshall,andrea.marshall@directdebitsample.com
Neil,Glover,neil.glover@directdebitsample.com
Ryan,Lawrence,ryan.lawrence@directdebitsample.com
Sue,Blake,sue.blake@directdebitsample.com
Rose,Reid,rose.reid@directdebitsample.com
Una,Gibson,una.gibson@directdebitsample.com
Sally,Vance,sally.vance@directdebitsample.com
Phil,Walker,phil.walker@directdebitsample.com
Molly,Clark,molly.clark@directdebitsample.com
Nathan,MacLeod,nathan.macleod@directdebitsample.com
Kimberly,Langdon,kimberly.langdon@directdebitsample.com
Angela,Harris,angela.harris@directdebitsample.com
Carol,Fisher,carol.fisher@directdebitsample.com
